{"v":"5.6.2","fr":30,"ip":0,"op":40,"w":80,"h":80,"nm":"Success Checkmark","ddd":0,"assets":[],"fonts":{"list":[{"fName":"BloggerSans-Light","fFamily":"Blogger Sans","fStyle":"Light","ascent":73.8986450247467}]},"layers":[{"ddd":0,"ind":1,"ty":5,"nm":"error check","sr":1,"ks":{"o":{"a":0,"k":100,"ix":11},"r":{"a":0,"k":0,"ix":10},"p":{"a":0,"k":[31.25,47.25,0],"ix":2},"a":{"a":0,"k":[0,0,0],"ix":1},"s":{"a":0,"k":[142.525,100,100],"ix":6}},"ao":0,"t":{"d":{"k":[{"s":{"s":28,"f":"BloggerSans-Light","t":"x","j":0,"tr":0,"lh":33.6,"ls":0,"fc":[1,1,1]},"t":0}]},"p":{},"m":{"g":1,"a":{"a":0,"k":[0,0],"ix":2}},"a":[]},"ip":0,"op":40,"st":0,"bm":0},{"ddd":0,"ind":2,"ty":4,"nm":"Circle Flash","sr":1,"ks":{"o":{"a":1,"k":[{"i":{"x":[0.833],"y":[0.833]},"o":{"x":[0.167],"y":[0.167]},"t":25,"s":[0]},{"i":{"x":[0.833],"y":[0.833]},"o":{"x":[0.167],"y":[0.167]},"t":30,"s":[98]},{"t":38,"s":[0]}],"ix":11},"r":{"a":0,"k":0,"ix":10},"p":{"a":0,"k":[40,40,0],"ix":2},"a":{"a":0,"k":[0,0,0],"ix":1},"s":{"a":1,"k":[{"i":{"x":[0.667,0.667,0.667],"y":[1,1,1]},"o":{"x":[0.333,0.333,0.333],"y":[0,0,0]},"t":25,"s":[0,0,100]},{"i":{"x":[0.833,0.833,0.833],"y":[1,1,1]},"o":{"x":[0.167,0.167,0.167],"y":[0,0,0]},"t":30,"s":[80,80,100]},{"t":38,"s":[60,60,100]}],"ix":6}},"ao":0,"shapes":[{"d":1,"ty":"el","s":{"a":0,"k":[64,64],"ix":2},"p":{"a":0,"k":[0,0],"ix":3},"nm":"Ellipse Path 1","mn":"ADBE Vector Shape - Ellipse","hd":false},{"ty":"fl","c":{"a":0,"k":[0.690196078431,0,0.125490196078,1],"ix":4},"o":{"a":0,"k":100,"ix":5},"r":1,"bm":0,"nm":"Fill 1","mn":"ADBE Vector Graphic - Fill","hd":false}],"ip":0,"op":40,"st":0,"bm":0},{"ddd":0,"ind":3,"ty":4,"nm":"Circle Stroke","sr":1,"ks":{"o":{"a":0,"k":100,"ix":11},"r":{"a":0,"k":0,"ix":10},"p":{"a":0,"k":[39.022,39.022,0],"ix":2},"a":{"a":0,"k":[0,0,0],"ix":1},"s":{"a":1,"k":[{"i":{"x":[0.833,0.833,0.833],"y":[1,1,1]},"o":{"x":[0.167,0.167,0.167],"y":[0,0,0]},"t":0,"s":[60,60,100]},{"i":{"x":[0.667,0.667,0.667],"y":[5.63,5.63,0.707]},"o":{"x":[0.333,0.333,0.333],"y":[0,0,0]},"t":16,"s":[60,60,100]},{"i":{"x":[0.667,0.667,0.667],"y":[1,1,1]},"o":{"x":[0.333,0.333,0.333],"y":[-0.926,-0.926,0.059]},"t":21,"s":[60,60,100]},{"i":{"x":[0.667,0.667,0.667],"y":[1,1,1]},"o":{"x":[0.333,0.333,0.333],"y":[0,0,0]},"t":22,"s":[60,60,100]},{"i":{"x":[0.667,0.667,0.667],"y":[1,1,1]},"o":{"x":[0.333,0.333,0.333],"y":[0,0,0]},"t":25,"s":[80,80,100]},{"i":{"x":[0.833,0.833,0.833],"y":[1,1,1]},"o":{"x":[0.167,0.167,0.167],"y":[0,0,0]},"t":29,"s":[60,60,100]},{"t":38,"s":[60,60,100]}],"ix":6}},"ao":0,"shapes":[{"ty":"gr","it":[{"d":1,"ty":"el","s":{"a":0,"k":[60,60],"ix":2},"p":{"a":0,"k":[0,0],"ix":3},"nm":"Ellipse Path 1","mn":"ADBE Vector Shape - Ellipse","hd":false},{"ty":"tm","s":{"a":1,"k":[{"i":{"x":[0.667],"y":[1]},"o":{"x":[0.333],"y":[0]},"t":0,"s":[0]},{"t":16,"s":[100]}],"ix":1},"e":{"a":0,"k":0,"ix":2},"o":{"a":0,"k":0,"ix":3},"m":1,"ix":2,"nm":"Trim Paths 1","mn":"ADBE Vector Filter - Trim","hd":false},{"ty":"st","c":{"a":0,"k":[0.690196078431,0,0.125490196078,1],"ix":3},"o":{"a":0,"k":100,"ix":4},"w":{"a":0,"k":3,"ix":5},"lc":2,"lj":2,"bm":0,"nm":"Stroke 1","mn":"ADBE Vector Graphic - Stroke","hd":false},{"ty":"tr","p":{"a":0,"k":[0.978,0.978],"ix":2},"a":{"a":0,"k":[0,0],"ix":1},"s":{"a":0,"k":[100,100],"ix":3},"r":{"a":0,"k":0,"ix":6},"o":{"a":0,"k":100,"ix":7},"sk":{"a":0,"k":0,"ix":4},"sa":{"a":0,"k":0,"ix":5},"nm":"Transformar"}],"nm":"Ellipse 1","np":3,"cix":2,"bm":0,"ix":1,"mn":"ADBE Vector Group","hd":false}],"ip":0,"op":40,"st":0,"bm":0},{"ddd":0,"ind":4,"ty":4,"nm":"Circle Green Fill","sr":1,"ks":{"o":{"a":1,"k":[{"i":{"x":[0.833],"y":[0.833]},"o":{"x":[0.167],"y":[0.167]},"t":21,"s":[0]},{"t":28,"s":[98]}],"ix":11},"r":{"a":0,"k":0,"ix":10},"p":{"a":0,"k":[40,40,0],"ix":2},"a":{"a":0,"k":[0,0,0],"ix":1},"s":{"a":1,"k":[{"i":{"x":[0.667,0.667,0.667],"y":[1,1,1]},"o":{"x":[0.333,0.333,0.333],"y":[0,0,0]},"t":21,"s":[0,0,100]},{"i":{"x":[0.833,0.833,0.833],"y":[1,1,1]},"o":{"x":[0.167,0.167,0.167],"y":[0,0,0]},"t":28,"s":[60,60,100]},{"t":38,"s":[60,60,100]}],"ix":6}},"ao":0,"shapes":[{"d":1,"ty":"el","s":{"a":0,"k":[64,64],"ix":2},"p":{"a":0,"k":[0,0],"ix":3},"nm":"Ellipse Path 1","mn":"ADBE Vector Shape - Ellipse","hd":false},{"ty":"fl","c":{"a":0,"k":[0.690196096897,0,0.1254902035,1],"ix":4},"o":{"a":0,"k":100,"ix":5},"r":1,"bm":0,"nm":"Fill 1","mn":"ADBE Vector Graphic - Fill","hd":false}],"ip":0,"op":40,"st":0,"bm":0}],"markers":[],"chars":[{"ch":"x","size":28,"style":"Light","w":43.1,"data":{"shapes":[{"ty":"gr","it":[{"ind":0,"ty":"sh","ix":1,"ks":{"a":0,"k":{"i":[[0,0],[0,0],[0,-0.4],[-0.667,-0.6],[-0.934,0],[-0.667,1.066],[0,0],[0,0],[-0.434,-0.366],[-0.8,0],[-0.634,0.666],[0,0.934],[0.2,0.334],[0,0],[0,0],[0,0.667],[0.666,0.567],[0.733,0],[0.433,-0.4],[0.466,-0.733],[0,0],[0,0],[0.433,0.4],[0.8,0],[0.666,-0.566],[0,-0.933],[-0.267,-0.333]],"o":[[0,0],[-0.267,0.467],[0,0.934],[0.666,0.6],[1.066,0],[0,0],[0,0],[0.533,0.8],[0.433,0.366],[0.933,0],[0.633,-0.666],[0,-0.533],[0,0],[0,0],[0.266,-0.333],[0,-0.933],[-0.667,-0.566],[-0.8,0],[-0.434,0.4],[0,0],[0,0],[-0.467,-0.733],[-0.434,-0.4],[-0.734,0],[-0.667,0.567],[0,0.667],[0,0]],"v":[[18.4,-25.9],[3.4,-3.8],[3,-2.5],[4,-0.2],[6.4,0.7],[9,-0.9],[21.8,-20.5],[34.1,-1.6],[35.55,0.15],[37.4,0.7],[39.75,-0.3],[40.7,-2.7],[40.4,-4],[25.6,-25.9],[39.4,-46.6],[39.8,-48.1],[38.8,-50.35],[36.7,-51.2],[34.85,-50.6],[33.5,-48.9],[22,-31.1],[10.5,-48.9],[9.15,-50.6],[7.3,-51.2],[5.2,-50.35],[4.2,-48.1],[4.6,-46.6]],"c":true},"ix":2},"nm":"x","mn":"ADBE Vector Shape - Group","hd":false}],"nm":"x","np":3,"cix":2,"bm":0,"ix":1,"mn":"ADBE Vector Group","hd":false}]},"fFamily":"Blogger Sans"}]}