{
  "v": "5.7.4",
  "fr": 60,
  "ip": 0,
  "op": 313,
  "w": 2000,
  "h": 2000,
  "nm": "Loading Animation – Dot Tick",
  "ddd": 0,
  "assets": [],
  "layers": [
    {
      "ddd": 0,
      "ind": 1,
      "ty": 3,
      "nm": "Dot Ending",
      "sr": 1,
      "ks": {
        "o": {
          "a": 0,
          "k": 0,
          "ix": 11
        },
        "r": {
          "a": 0,
          "k": 0,
          "ix": 10
        },
        "p": {
          "a": 1,
          "k": [
            {
              "i": {
                "x": 0.833,
                "y": 0.833
              },
              "o": {
                "x": 0.167,
                "y": 0.167
              },
              "t": 300,
              "s": [
                1502.5,
                672.5,
                0
              ],
              "to": [
                20,
                -20,
                0
              ],
              "ti": [
                -20,
                20,
                0
              ]
            },
            {
              "t": 309,
              "s": [
                1622.5,
                552.5,
                0
              ]
            }
          ],
          "ix": 2,
          "l": 2
        },
        "a": {
          "a": 0,
          "k": [
            50,
            50,
            0
          ],
          "ix": 1,
          "l": 2
        },
        "s": {
          "a": 1,
          "k": [
            {
              "i": {
                "x": [
                  0.933,
                  0.933,
                  0.667
                ],
                "y": [
                  0.217,
                  0.217,
                  1
                ]
              },
              "o": {
                "x": [
                  0.333,
                  0.333,
                  0.333
                ],
                "y": [
                  0,
                  0,
                  0
                ]
              },
              "t": 300,
              "s": [
                200,
                200,
                100
              ]
            },
            {
              "t": 309,
              "s": [
                0,
                0,
                100
              ]
            }
          ],
          "ix": 6,
          "l": 2
        }
      },
      "ao": 0,
      "ip": 0,
      "op": 316,
      "st": 0,
      "bm": 0
    },
    {
      "ddd": 0,
      "ind": 2,
      "ty": 4,
      "nm": "Tick 2",
      "parent": 1,
      "sr": 1,
      "ks": {
        "o": {
          "a": 0,
          "k": 100,
          "ix": 11
        },
        "r": {
          "a": 0,
          "k": 0,
          "ix": 10
        },
        "p": {
          "a": 0,
          "k": [
            -225.25,
            225.75,
            0
          ],
          "ix": 2,
          "l": 2
        },
        "a": {
          "a": 0,
          "k": [
            0,
            0,
            0
          ],
          "ix": 1,
          "l": 2
        },
        "s": {
          "a": 0,
          "k": [
            50,
            50,
            100
          ],
          "ix": 6,
          "l": 2
        }
      },
      "ao": 0,
      "shapes": [
        {
          "ind": 0,
          "ty": "sh",
          "ix": 1,
          "ks": {
            "a": 0,
            "k": {
              "i": [
                [
                  0,
                  0
                ],
                [
                  0,
                  0
                ],
                [
                  0,
                  0
                ]
              ],
              "o": [
                [
                  0,
                  0
                ],
                [
                  0,
                  0
                ],
                [
                  0,
                  0
                ]
              ],
              "v": [
                [
                  -408,
                  104
                ],
                [
                  -156,
                  356
                ],
                [
                  556,
                  -356
                ]
              ],
              "c": false
            },
            "ix": 2
          },
          "nm": "Path 1",
          "mn": "ADBE Vector Shape - Group",
          "hd": false
        },
        {
          "ty": "tm",
          "s": {
            "a": 0,
            "k": 99.5,
            "ix": 1
          },
          "e": {
            "a": 0,
            "k": 100,
            "ix": 2
          },
          "o": {
            "a": 1,
            "k": [
              {
                "i": {
                  "x": [
                    0.214
                  ],
                  "y": [
                    1
                  ]
                },
                "o": {
                  "x": [
                    0.087
                  ],
                  "y": [
                    0.797
                  ]
                },
                "t": 31.348,
                "s": [
                  -31.63
                ]
              },
              {
                "t": 62,
                "s": [
                  -1
                ]
              }
            ],
            "ix": 3
          },
          "m": 1,
          "ix": 2,
          "nm": "Trim Paths 1",
          "mn": "ADBE Vector Filter - Trim",
          "hd": false
        },
        {
          "ty": "st",
          "c": {
            "a": 0,
            "k": [
              0.30980392156862746,
              0.4627450980392157,
              1,
              1
            ],
            "ix": 3
          },
          "o": {
            "a": 0,
            "k": 100,
            "ix": 4
          },
          "w": {
            "a": 1,
            "k": [
              {
                "i": {
                  "x": [
                    0.262
                  ],
                  "y": [
                    1
                  ]
                },
                "o": {
                  "x": [
                    0.083
                  ],
                  "y": [
                    0.885
                  ]
                },
                "t": 31,
                "s": [
                  0
                ]
              },
              {
                "t": 62,
                "s": [
                  280
                ]
              }
            ],
            "ix": 5
          },
          "lc": 2,
          "lj": 2,
          "bm": 0,
          "nm": "Stroke 1",
          "mn": "ADBE Vector Graphic - Stroke",
          "hd": false
        }
      ],
      "ip": 0,
      "op": 316,
      "st": 0,
      "bm": 0
    },
    {
      "ddd": 0,
      "ind": 3,
      "ty": 4,
      "nm": "Tick Base",
      "parent": 1,
      "sr": 1,
      "ks": {
        "o": {
          "a": 0,
          "k": 100,
          "ix": 11
        },
        "r": {
          "a": 0,
          "k": 0,
          "ix": 10
        },
        "p": {
          "a": 0,
          "k": [
            -225.25,
            225.75,
            0
          ],
          "ix": 2,
          "l": 2
        },
        "a": {
          "a": 0,
          "k": [
            0,
            0,
            0
          ],
          "ix": 1,
          "l": 2
        },
        "s": {
          "a": 0,
          "k": [
            50,
            50,
            100
          ],
          "ix": 6,
          "l": 2
        }
      },
      "ao": 0,
      "shapes": [
        {
          "ind": 0,
          "ty": "sh",
          "ix": 1,
          "ks": {
            "a": 0,
            "k": {
              "i": [
                [
                  0,
                  0
                ],
                [
                  0,
                  0
                ],
                [
                  0,
                  0
                ]
              ],
              "o": [
                [
                  0,
                  0
                ],
                [
                  0,
                  0
                ],
                [
                  0,
                  0
                ]
              ],
              "v": [
                [
                  -408,
                  104
                ],
                [
                  -156,
                  356
                ],
                [
                  556,
                  -356
                ]
              ],
              "c": false
            },
            "ix": 2
          },
          "nm": "Path 1",
          "mn": "ADBE Vector Shape - Group",
          "hd": false
        },
        {
          "ty": "tm",
          "s": {
            "a": 1,
            "k": [
              {
                "i": {
                  "x": [
                    0.833
                  ],
                  "y": [
                    1
                  ]
                },
                "o": {
                  "x": [
                    0.167
                  ],
                  "y": [
                    0
                  ]
                },
                "t": 40,
                "s": [
                  0
                ]
              },
              {
                "i": {
                  "x": [
                    0.805
                  ],
                  "y": [
                    0.5
                  ]
                },
                "o": {
                  "x": [
                    0.526
                  ],
                  "y": [
                    0
                  ]
                },
                "t": 265,
                "s": [
                  0
                ]
              },
              {
                "t": 295,
                "s": [
                  60.978
                ]
              }
            ],
            "ix": 1
          },
          "e": {
            "a": 1,
            "k": [
              {
                "i": {
                  "x": [
                    0.323
                  ],
                  "y": [
                    0.54
                  ]
                },
                "o": {
                  "x": [
                    0.626
                  ],
                  "y": [
                    0
                  ]
                },
                "t": 2,
                "s": [
                  0
                ]
              },
              {
                "i": {
                  "x": [
                    0.006
                  ],
                  "y": [
                    0.962
                  ]
                },
                "o": {
                  "x": [
                    0.3
                  ],
                  "y": [
                    0.268
                  ]
                },
                "t": 15,
                "s": [
                  24.768
                ]
              },
              {
                "i": {
                  "x": [
                    0.833
                  ],
                  "y": [
                    1
                  ]
                },
                "o": {
                  "x": [
                    0.329
                  ],
                  "y": [
                    4.643
                  ]
                },
                "t": 40,
                "s": [
                  60.977
                ]
              },
              {
                "t": 295,
                "s": [
                  60.977
                ]
              }
            ],
            "ix": 2
          },
          "o": {
            "a": 1,
            "k": [
              {
                "i": {
                  "x": [
                    0.833
                  ],
                  "y": [
                    0.833
                  ]
                },
                "o": {
                  "x": [
                    0.167
                  ],
                  "y": [
                    0.167
                  ]
                },
                "t": 295,
                "s": [
                  3.4
                ]
              },
              {
                "t": 300,
                "s": [
                  140
                ]
              }
            ],
            "ix": 3
          },
          "m": 1,
          "ix": 2,
          "nm": "Trim Paths 1",
          "mn": "ADBE Vector Filter - Trim",
          "hd": false
        },
        {
          "ty": "st",
          "c": {
            "a": 0,
            "k": [
              0.5529411764705883,
              0.6745098039215687,
              1,
              1
            ],
            "ix": 3
          },
          "o": {
            "a": 0,
            "k": 100,
            "ix": 4
          },
          "w": {
            "a": 1,
            "k": [
              {
                "i": {
                  "x": [
                    0.262
                  ],
                  "y": [
                    1
                  ]
                },
                "o": {
                  "x": [
                    0.086
                  ],
                  "y": [
                    0.458
                  ]
                },
                "t": 2.027,
                "s": [
                  129.713
                ]
              },
              {
                "t": 9,
                "s": [
                  280
                ]
              }
            ],
            "ix": 5
          },
          "lc": 2,
          "lj": 2,
          "bm": 0,
          "nm": "Stroke 1",
          "mn": "ADBE Vector Graphic - Stroke",
          "hd": false
        }
      ],
      "ip": -13,
      "op": 316,
      "st": 2,
      "bm": 1
    },
    {
      "ddd": 0,
      "ind": 4,
      "ty": 4,
      "nm": "Tick Dot",
      "parent": 1,
      "sr": 1,
      "ks": {
        "o": {
          "a": 0,
          "k": 100,
          "ix": 11
        },
        "r": {
          "a": 0,
          "k": 0,
          "ix": 10
        },
        "p": {
          "a": 0,
          "k": [
            -225.25,
            225.75,
            0
          ],
          "ix": 2,
          "l": 2
        },
        "a": {
          "a": 0,
          "k": [
            0,
            0,
            0
          ],
          "ix": 1,
          "l": 2
        },
        "s": {
          "a": 0,
          "k": [
            50,
            50,
            100
          ],
          "ix": 6,
          "l": 2
        }
      },
      "ao": 0,
      "shapes": [
        {
          "ind": 0,
          "ty": "sh",
          "ix": 1,
          "ks": {
            "a": 0,
            "k": {
              "i": [
                [
                  0,
                  0
                ],
                [
                  0,
                  0
                ],
                [
                  0,
                  0
                ]
              ],
              "o": [
                [
                  0,
                  0
                ],
                [
                  0,
                  0
                ],
                [
                  0,
                  0
                ]
              ],
              "v": [
                [
                  -408,
                  104
                ],
                [
                  -156,
                  356
                ],
                [
                  556,
                  -356
                ]
              ],
              "c": false
            },
            "ix": 2
          },
          "nm": "Path 1",
          "mn": "ADBE Vector Shape - Group",
          "hd": false
        },
        {
          "ty": "tm",
          "s": {
            "a": 1,
            "k": [
              {
                "i": {
                  "x": [
                    0.833
                  ],
                  "y": [
                    1
                  ]
                },
                "o": {
                  "x": [
                    0.167
                  ],
                  "y": [
                    0
                  ]
                },
                "t": 23,
                "s": [
                  62
                ]
              },
              {
                "t": 40,
                "s": [
                  62
                ]
              }
            ],
            "ix": 1
          },
          "e": {
            "a": 1,
            "k": [
              {
                "i": {
                  "x": [
                    0.467
                  ],
                  "y": [
                    1
                  ]
                },
                "o": {
                  "x": [
                    0.174
                  ],
                  "y": [
                    0.581
                  ]
                },
                "t": 23,
                "s": [
                  63.296
                ]
              },
              {
                "i": {
                  "x": [
                    0.833
                  ],
                  "y": [
                    1
                  ]
                },
                "o": {
                  "x": [
                    0.167
                  ],
                  "y": [
                    0
                  ]
                },
                "t": 40,
                "s": [
                  75
                ]
              },
              {
                "i": {
                  "x": [
                    0.833
                  ],
                  "y": [
                    1
                  ]
                },
                "o": {
                  "x": [
                    0.167
                  ],
                  "y": [
                    0
                  ]
                },
                "t": 295,
                "s": [
                  75
                ]
              },
              {
                "t": 300,
                "s": [
                  62.1
                ]
              }
            ],
            "ix": 2
          },
          "o": {
            "a": 1,
            "k": [
              {
                "i": {
                  "x": [
                    0.833
                  ],
                  "y": [
                    0.833
                  ]
                },
                "o": {
                  "x": [
                    0.167
                  ],
                  "y": [
                    0.167
                  ]
                },
                "t": 295,
                "s": [
                  0
                ]
              },
              {
                "t": 300,
                "s": [
                  135
                ]
              }
            ],
            "ix": 3
          },
          "m": 1,
          "ix": 2,
          "nm": "Trim Paths 1",
          "mn": "ADBE Vector Filter - Trim",
          "hd": false
        },
        {
          "ty": "st",
          "c": {
            "a": 0,
            "k": [
              0.8705882352941177,
              0.8980392156862745,
              0.9529411764705882,
              1
            ],
            "ix": 3
          },
          "o": {
            "a": 0,
            "k": 100,
            "ix": 4
          },
          "w": {
            "a": 1,
            "k": [
              {
                "i": {
                  "x": [
                    0.262
                  ],
                  "y": [
                    1
                  ]
                },
                "o": {
                  "x": [
                    0.134
                  ],
                  "y": [
                    0.697
                  ]
                },
                "t": 23,
                "s": [
                  0
                ]
              },
              {
                "t": 27.4765625,
                "s": [
                  280
                ]
              }
            ],
            "ix": 5
          },
          "lc": 2,
          "lj": 2,
          "bm": 0,
          "nm": "Stroke 1",
          "mn": "ADBE Vector Graphic - Stroke",
          "hd": false
        }
      ],
      "ip": -25,
      "op": 316,
      "st": 1,
      "bm": 1
    }
  ],
  "markers": []
}